ADAM CLAYTON POWELL,ADAM CLAYTON POWELL BLVD
AMSTERDAM,AMSTERDAM AVE
AMSTERDAM A,AMSTERDAM AVE
ASTORIA B,ASTORIA BLVD
ATLANTIC A,ATLANTIC AVE
ATTORNEY S,ATTORNEY ST
BATTERY P,BATTERY PARK
BRIGHTWATE,BRIGHTWATER
CATHERINE S,CATHERINE ST
CENTRAL PA,CENTRAL PARK
COLLEGE PO,COLLEGE POINT BLVD
COLUMBIA S,COLUMBIA ST
COLUMBUS A,COLUMBUS AVE
CONEY ISLA,CONEY ISLAND AVE
CRESCENT S,CRESCENT ST
CROSS BAY,CROSS BAY BLVD
DELANCEY S,DELANCEY ST
DYCKMAN S,DYCKMAN ST
E 135TH S,E 135TH ST
E 138TH S,E 138TH ST
E 149TH S,E 149TH ST
E 153RD S,E 153RD ST
E 156TH S,E 156TH ST
E 158TH S,E 158TH ST
E 161ST S,E 161ST ST
E 174TH S,E 174TH ST
E 178TH S,E 178TH ST
E 179TH S,E 179TH ST
E 229TH S,E 229TH ST
E 233RD S,E 233RD ST
E HOUSTON,E HOUSTON STREET
E HOUSTON S,E HOUSTON ST
F D R DR,F D R DRIVE
FLATBUSH A,FLATBUSH AVE
FLATLANDS,FLATLANDS AVENUE
FLUSHING A,FLUSHING AVE
FRANKLIN A,FRANKLIN AVE
FRANKLIN S,FRANKLIN ST
FREDERICK,FREDERICK DOUGLASS BLVD
FREDERICK DOUGLASS B,FREDERICK DOUGLASS BLVD
FREDRICK D,FREDERICK DOUGLASS BLVD
FT WASHING,FORT WASHINGTON AVE
GRAND CON,GRAND CONCOURSE
GREENPOINT,GREENPOINT AVENUE
GREENWICH S,GREENWICH ST
HARRISON A,HARRISON AVE
HILLSIDE,HILLSIDE AVE
HILLSIDE A,HILLSIDE AVE
JACKSON S,JACKSON ST
JAMAICA A,JAMAICA AVE
JAMAICA AV,JAMAICA AVENUE
JUNCTION B,JUNCTION BLVD
LAWRENCE S,LAWRENCE ST
LEFFERTS B,LEFFERTS BLVD
LIBERTY A,LIBERTY AVE
LIBERTY S,LIBERTY ST
MADISON,MADISON AVE
MADISON AV,MADISON AVE
MANHATTAN A,MANHATTAN AVE
MORRISON A,MORRISON AVE
NORTHERN B,NORTHERN BLVD
NORTHERN,NORTHERN BLVD
NOSTRAND A,NOSTRAND AVE
PELHAM PKW,PELHAM PARKWAY
PIERREPONT,PIERREPONT STREET
PLEASANT A,PLEASANT AVE
PLIMPTON A,PLIMPTON AVE
RANDALL A,RANDALL AVE
RIVERSIDE,RIVERSIDE DRIVE
RIVERSIDE D,RIVERSIDE DRIVE
ROCKAWAY B,ROCKAWAY BLVD
ROEBLING S,ROEBLING ST
ROSEDALE A,ROSEDALE AVE
SEDGWICK,SEDGWICK AVE
SEDGWICK A,SEDGWICK AVE
SHEEPSHEAD,SHEEPSHEAD BAY ROAD
SHORE PKY,SHORE PARKWAY
TIMES SQ,7TH AVE
UNION TRNPIKE,UNION TURNPIKE
VAN CORTLA,VAN CORTLANDT
VOORHIES A,VOORHIES AVE
W 108TH S,W 108TH ST
W 117TH S,W 117TH ST
W 118TH S,W 118TH ST
W 119TH S,W 119TH ST
W 125TH S,W 125TH ST
W 134TH S,W 134TH ST
W 142ND S,W 142ND ST
W 155TH S,W 155TH ST
W 159TH S,W 159TH ST
W 165TH S,W 165TH ST
W 181ST S,W 181ST ST
W 214TH S,W 214TH ST
W 232ND S,W 232ND ST
W 235TH S,W 235TH ST
W 239TH S,W 239TH ST
W 246TH S,W 246TH ST
WEBSTER A,WEBSTER AVE
WEST END A,WEST END AVE
WESTCHESTE,WESTCHESTER AVENUE
WHITE PLAI,WHITE PLAINS RD
WILLIAM S,WILLIAM ST
WOODHAVEN,WOODHAVEN BLVD
REV JAMES A POLITE A,REV JAMES A POLITE AVE
FREDERICK DO,FREDERICK DOUGLASS BLVD
